cell,runtime,actions,totalEntries,grants,retiredGrants,descriptors,receiptStatus,rawStoreStatus,confirmedRows,requestedRows,rawStoreLogicalBytes,authorityJsonBytes,deduplicatedNativeEvidenceBytes,preventionTupleDiagnosticJsonBytes,counterMarkDiagnosticJsonBytes,originalReceiptPointerDiagnosticJsonBytes,actualR1ApplicationAuthorityAndSourceReplay_ms,authorityHistoryCrosscheckAndTemporaryIndexes_ms,base64DecodeAndOwnedBlockMaps_ms,canonicalDataComparisonHashes_ms,coldR1DefaultCompletePrefixReverification_ms,coldR1DefaultNativeCarAuthentication_ms,coldR1IdentityReauthentication_ms,compactAuthorityDecodeValidateAndCopy_ms,compactAuthorityNativeFramingReconstruction_ms,evidenceDataDecodeAndExactNativeBytes_ms,explicitFullDataProjectionCopy_ms,historyDecodeIndexAndFramingIdentity_ms,historyOriginalBytesHashSignatureAndChain_ms,isolatedSupportedSourceFoldAndValidation_ms,missingOldNativePublicationBlockRefusal_ms,outcomeDecodeValidationAndFramingIdentity_ms,participantMethodRootAndExactMstProofValidation_ms,rawStoreClose_ms,rawStoreDefaultBatchedCommits_ms,rawStoreExactReadAfterReopen_ms,rawStoreReopen_ms,rawStoreReopenAfterRefusal_ms,receipt-1-alternate-signature_ms,receipt-1-conflict_ms,receipt-1-original_ms,receipt-100-alternate-signature_ms,receipt-100-conflict_ms,receipt-100-original_ms,receipt-1000-alternate-signature_ms,receipt-1000-conflict_ms,receipt-1000-original_ms,receipt-50-alternate-signature_ms,receipt-50-conflict_ms,receipt-50-original_ms,receipt-500-alternate-signature_ms,receipt-500-conflict_ms,receipt-500-original_ms,secondFreshDefaultPrefixReconstruction_ms,sourceAdmission_ms,sourceDataDecodeAndOriginalFiles_ms,unsupportedCounterDurableAllocatorRaces_ms
one-100,node22-source,100,101,1,0,1,complete-from-genesis,exact-raw-data-reopen,639,639,385007,1959,287396,19401,327,31304,449.50854200000003,10.388124999999945,9.205625000000055,1.047708000000057,166.99158399999988,4.668499999999767,1.4301249999998618,1.716707999999926,0.756125000000111,1.2191660000000866,0.19237500000008367,15.143625000000156,216.1740420000001,48.96295800000007,9.797874999999749,1.4296670000001086,536.7103750000001,1.2025840000001153,5.591958999999861,9.519874999999956,0.4558750000001055,,0.6162089999997988,0.5819169999999758,0.7294590000001335,0.5337500000000546,0.6291659999997137,0.5593340000000353,,,,0.5312079999998787,0.5213340000000244,0.5416250000002947,,,,127.15812499999993,9.70962499999996,2.97262499999988,3.0534999999999854
one-100,node22-compiled,100,101,1,0,1,complete-from-genesis,exact-raw-data-reopen,639,639,385007,1959,287396,19401,327,31304,415.7790829999997,7.622583999999961,9.195291999999995,0.8576669999997648,148.06991600000015,4.607584000000088,1.3090420000000904,1.5347090000000208,0.3316660000000411,1.16862500000002,0.17783299999996416,15.143374999999992,186.49962499999992,43.37670800000001,8.984457999999904,1.2921670000000631,473.79758400000014,1.066707999999835,5.184458000000177,8.622749999999996,0.38937499999974534,,0.5965839999998934,0.5605830000001788,0.6402499999999236,0.5311669999998685,0.6127500000000055,0.5894579999999223,,,,0.49458400000003166,0.4912500000000364,0.5121249999999691,,,,122.80099999999993,8.016500000000178,2.5655420000000504,2.8507909999998446
one-100,node24-source,100,101,1,0,1,complete-from-genesis,exact-raw-data-reopen,639,639,385007,1959,287396,19401,327,31304,420.20379200000025,7.002207999999882,9.006708000000003,0.935624999999618,143.67212499999982,6.1859579999998004,1.3889999999998963,1.3156659999999647,0.3751670000001468,1.119416000000001,0.1916670000000522,10.697165999999925,188.56412499999988,46.596917000000076,8.66399999999976,1.2941249999998945,444.4855839999998,1.0018749999999272,4.748207999999977,8.244207999999617,0.3393750000000182,,0.6157499999999345,0.6089579999998023,0.6710419999999431,0.539459000000079,0.5290839999997843,0.5392910000000484,,,,0.5420829999998205,0.5532919999996011,0.5767499999997199,,,,122.0598329999998,7.758291999999983,2.49412499999994,2.764625000000251
one-100,node24-compiled,100,101,1,0,1,complete-from-genesis,exact-raw-data-reopen,639,639,385007,1959,287396,19401,327,31304,398.7489579999997,6.412500000000023,11.898916999999983,1.8611250000003565,136.48475000000008,4.824333000000024,1.055708999999979,1.2200410000000375,0.30862500000000637,0.9794170000000122,0.1997079999998732,12.707041000000004,179.76,40.312417000000096,9.12649999999985,1.2515839999999798,424.717042,0.9805829999995694,4.714791999999761,9.030749999999898,0.40033299999959127,,0.5472079999999551,0.5641250000001037,0.6345000000001164,0.5482080000001588,0.5693750000000364,0.5205000000000837,,,,0.5402920000001359,0.537166999999954,0.5231249999999363,,,,124.50016699999992,7.613207999999986,2.1644999999999754,2.710790999999972
one-100,node26-source,100,101,1,0,1,complete-from-genesis,exact-raw-data-reopen,639,639,385007,1959,287396,19401,327,31304,391.8729159999998,5.641624999999976,9.622250000000008,0.9066250000000764,130.4787080000001,4.409458000000086,0.9450830000000678,1.2248329999999896,0.3760420000000977,0.9372079999998277,0.19604199999980665,10.047250000000076,184.75479100000007,39.75675000000001,8.649833999999828,1.3044999999999618,484.0110000000002,1.2427920000000086,5.5115420000001905,9.307542000000012,0.39570800000001327,,0.6719170000001213,0.6006250000000364,0.5712079999998423,0.5141670000002705,0.5128749999998945,0.5633750000001783,,,,0.5270409999998265,0.5821249999999054,0.5520419999998012,,,,116.35641699999996,7.348541999999952,2.272707999999966,2.65954099999999
one-100,node26-compiled,100,101,1,0,1,complete-from-genesis,exact-raw-data-reopen,639,639,385007,1959,287396,19401,327,31304,361.8269580000001,5.355209000000059,11.131790999999964,1.4317919999998594,126.52012500000001,4.324374999999918,0.9912500000000364,1.2748330000001715,0.34237499999994725,1.0012919999999212,0.22250000000008185,9.887624999999957,171.76091699999995,58.371083,8.805499999999938,1.3598750000001019,490.3156250000002,1.2771249999996144,5.786707999999635,9.82791700000007,0.394416000000092,,0.5207499999999072,0.5368750000000091,0.6208329999999478,0.47591699999998127,0.4725420000002032,0.4887079999998605,,,,0.5692500000000109,0.5548329999999169,0.5126669999999649,,,,108.66283300000009,7.341625000000022,2.2516249999998763,2.8735419999998157
one-100,chromium,100,101,1,0,1,complete-from-genesis,exact-raw-data-reopen,639,639,385007,1959,287396,19401,327,31304,433.1850000023842,3.330000013113022,8.429999977350235,1.280000001192093,169.5150000154972,4.78999999165535,0.6699999868869781,1.405000001192093,5.3499999940395355,4.174999982118607,0.15000000596046448,6.630000025033951,190.66000002622604,37.85999998450279,9.09500002861023,1.4300000071525574,7.9749999940395355,0.009999990463256836,51.560000002384186,142.14500001072884,0.17999997735023499,,0.5200000107288361,0.6199999749660492,0.5800000131130219,0.5450000166893005,0.5400000214576721,0.6100000143051147,,,,0.5,0.5049999952316284,0.7050000131130219,,,,144.34000000357628,7.3299999833106995,2.544999986886978,4.430000007152557
sixteen-100,node22-source,100,116,16,0,16,complete-from-genesis,exact-raw-data-reopen,774,774,499537,12474,385261,19401,5185,35969,552.5040409999997,16.48791600000004,12.307999999999993,1.5834580000000642,171.08845800000017,7.942916999999852,1.6954999999998108,7.327291999999943,0.8123339999999644,8.288291000000072,0.25774999999998727,14.589874999999893,208.43545900000004,44.58250000000021,29.812209000000166,1.5287919999998394,532.2664580000001,1.1637500000001637,6.039999999999964,10.143750000000182,0.37341600000036124,,0.5267499999999927,0.5576249999999163,0.5965409999998883,0.5285419999995611,0.6418750000002547,0.5237090000000535,,,,0.741207999999915,0.5710839999997006,0.5324999999997999,,,,148.0569999999998,8.515708000000132,2.8450829999999314,2.655500000000302
sixteen-100,node22-compiled,100,116,16,0,16,complete-from-genesis,exact-raw-data-reopen,774,774,499537,12474,385261,19401,5185,35969,544.6822090000001,19.601042000000007,13.096875000000011,1.125332999999955,166.48816699999998,7.059875000000147,1.2155840000000353,6.728041000000076,0.8719160000000556,8.030416999999943,0.2716250000000855,16.719334000000003,235.57495800000015,43.06441599999994,29.490583000000242,1.516208000000006,506.2755830000001,1.0447089999997843,6.85733399999981,10.53625000000011,0.35024999999996,,0.5604999999998199,0.8874579999999241,0.6090830000000551,0.5304590000000644,0.5859590000000026,0.5269160000000284,,,,0.5389589999999771,0.5331670000000486,0.5637500000000273,,,,142.14058299999988,8.664915999999948,2.7701250000000073,2.8055829999998423
sixteen-100,node24-source,100,116,16,0,16,complete-from-genesis,exact-raw-data-reopen,774,774,499537,12474,385261,19401,5185,35969,538.275416,13.34170899999981,16.58037499999989,1.2194589999999152,164.61766699999998,7.231666000000132,8.468374999999924,4.998041999999941,0.6760000000001583,6.833541999999852,0.2342909999999847,11.054791000000023,197.506666,41.99000000000001,28.019874999999956,1.4364580000001297,453.79883300000006,1.2629170000000158,5.606334000000061,10.280167000000347,0.4017499999999927,,0.6058339999999589,0.597791000000143,0.6649999999999636,0.5119159999999283,0.526915999999801,0.5237919999999576,,,,0.5367080000000897,0.5306660000001102,0.5760420000001432,,,,140.05920800000013,7.979832999999871,3.9199169999999413,2.914415999999619
sixteen-100,node24-compiled,100,116,16,0,16,complete-from-genesis,exact-raw-data-reopen,774,774,499537,12474,385261,19401,5185,35969,524.768208,13.044957999999951,14.893791000000022,1.2920829999998205,152.68483300000003,9.096916999999848,1.533542000000125,4.914125000000013,0.6541250000000218,6.253541999999925,0.2361670000000231,11.700707999999963,191.57995800000003,40.33670899999993,29.165209000000004,1.4139999999999873,452.08287500000006,1.4350829999998496,6.631832999999915,11.561333000000104,0.3993749999999636,,0.5349579999999605,0.5214590000000499,0.5967499999999291,0.5287499999999454,0.5309580000000551,0.5585000000000946,,,,0.48908400000004804,0.5381250000000364,0.5002919999999449,,,,134.931875,7.4402919999999995,2.2475409999999556,2.9280830000002425
sixteen-100,node26-source,100,116,16,0,16,complete-from-genesis,exact-raw-data-reopen,774,774,499537,12474,385261,19401,5185,35969,475.67429200000015,12.210957999999891,12.686749999999961,1.1367919999997866,144.20624999999995,6.697625000000016,0.8387079999999969,4.7795840000001135,0.6292080000000624,6.228125000000091,0.24529099999995196,9.701791999999841,187.76608299999998,37.87795799999981,26.378957999999784,1.4257920000000013,495.8890839999999,1.461917000000085,6.7937080000001515,11.71349999999984,0.41624999999976353,,0.5245419999996557,0.5880409999999756,0.584458999999697,0.532832999999755,0.49420899999995527,0.5338329999999587,,,,0.4901249999998072,0.48945800000001327,0.49537499999996726,,,,133.03958299999977,7.012040999999954,2.347291999999925,2.747707999999875
sixteen-100,node26-compiled,100,116,16,0,16,complete-from-genesis,exact-raw-data-reopen,774,774,499537,12474,385261,19401,5185,35969,470.4063339999998,12.46462500000007,14.795374999999979,1.071374999999989,147.724917,7.0464170000000195,0.8707089999998061,4.699666999999863,0.6753329999999096,6.000250000000051,0.24429200000008677,9.725833999999963,181.33012500000007,42.843041000000085,27.304833000000144,1.4470830000000205,551.6467499999999,1.3272909999996045,6.415958000000046,11.15170900000021,0.3844579999999951,,0.5602499999999964,0.6092080000000806,0.6957500000000891,0.5269169999999122,0.5548750000000382,0.5112910000000284,,,,0.5793750000000273,0.5169999999998254,0.7616669999999885,,,,133.85387500000002,6.8745420000000195,2.1065830000000005,2.635458000000199
sixteen-100,chromium,100,116,16,0,16,complete-from-genesis,exact-raw-data-reopen,774,774,499537,12474,385261,19401,5185,35969,545.4350000023842,10.150000005960464,11.344999998807907,1.9749999940395355,181.55000001192093,5.694999992847443,0.6049999892711639,8.219999998807907,0.6449999809265137,6.389999985694885,0.2150000035762787,8.205000013113022,200.2349999845028,40.985000014305115,39.42499998211861,1.5150000154972076,26.430000007152557,0.010000020265579224,83.54000002145767,172.9350000023842,0.23499998450279236,,0.48500001430511475,0.5250000059604645,0.5550000071525574,11.314999997615814,0.7650000154972076,0.4950000047683716,,,,0.5049999952316284,0.47999998927116394,0.47999998927116394,,,,168.64999997615814,7.410000026226044,2.0349999964237213,4.6500000059604645
retired-100,node22-source,100,299,100,99,199,complete-from-genesis,exact-raw-data-reopen,2426,2426,1716939,71259,1398727,19401,32302,92882,1713.8769170000005,57.810874999999896,45.19749999999999,2.951458999999886,394.16291699999965,35.45037500000035,1.0007920000002741,29.741375000000062,4.342583999999988,75.8728329999999,0.6227920000001177,21.503124999999955,370.49133300000017,43.24037499999986,40.56745799999999,3.4709579999998823,723.7025829999998,8.336249999999382,27.64483400000063,37.115624999999454,0.47995799999989686,,0.5886659999996482,0.5780000000004293,0.5803750000000036,0.5433750000001965,0.8853749999998399,0.5307080000002316,,,,0.5683340000000499,0.5664159999996627,0.5303329999997004,,,,354.6405,8.228417000000036,2.528834000000188,3.1127080000005662
retired-100,node22-compiled,100,299,100,99,199,complete-from-genesis,exact-raw-data-reopen,2426,2426,1716939,71259,1398727,19401,32302,92882,2035.8626669999994,56.964833,44.07287500000001,4.594000000000051,394.1245829999998,30.720000000000255,0.8584579999997004,28.72070800000006,3.8568749999999454,66.86904200000004,0.5812500000001819,22.447874999999954,361.8841249999999,37.77666700000009,43.361415999999736,3.3186249999998836,693.0930420000002,16.76312499999949,44.21833400000014,49.83416699999998,0.7093340000001263,,0.6349169999998594,0.6610000000000582,0.6679999999996653,0.5682079999996859,0.6151250000002619,0.5425829999999223,,,,0.6156670000000304,0.6387500000000728,0.5525410000000193,,,,416.447584,8.20791700000018,2.3945000000001073,5.330500000000029
retired-100,node24-source,100,299,100,99,199,complete-from-genesis,exact-raw-data-reopen,2426,2426,1716939,71259,1398727,19401,32302,92882,1992.604958,57.651083999999855,52.36433299999999,3.5891249999995125,429.04925000000003,32.58437499999991,1.0317500000001019,28.659332999999833,2.910374999999931,77.61058299999968,0.6317500000000109,17.47504200000003,412.2327499999999,44.47200000000021,43.67141700000002,3.9812919999999394,769.570667,5.868083000000297,25.60924999999952,35.06079199999931,0.47137500000008004,,0.6614580000000387,0.6314170000000559,0.8022499999997308,0.5955419999995684,0.642207999999755,0.6214589999999589,,,,0.6017919999999322,0.6803330000002461,0.5703330000001188,,,,391.8324170000001,8.760707999999795,2.60220900000013,3.158042000000023
retired-100,node24-compiled,100,299,100,99,199,complete-from-genesis,exact-raw-data-reopen,2426,2426,1716939,71259,1398727,19401,32302,92882,1857.0963330000004,54.03216599999996,53.41300000000001,3.1872910000001866,472.2272499999999,33.265707999999904,1.0601250000004256,26.122666999999865,2.8304169999998976,69.4937910000001,0.6362920000001395,17.345166999999947,366.2204160000001,40.618375000000015,45.01058400000011,3.2147500000000946,776.1072920000001,6.687249999999949,24.918958000000202,35.02558300000055,0.4827499999992142,,0.6988339999998061,0.6673329999998714,1.1924589999998716,0.7114999999998872,0.6602079999997841,0.7435829999999441,,,,0.5550420000004124,0.6383749999999964,0.578708000000006,,,,440.7744170000001,8.857458000000179,2.5122919999998885,3.564582999999402
retired-100,node26-source,100,299,100,99,199,complete-from-genesis,exact-raw-data-reopen,2426,2426,1716939,71259,1398727,19401,32302,92882,1706.4732499999996,49.98179099999993,50.40912500000002,4.302042000000256,419.93391699999984,35.45979200000011,0.8210840000001554,24.96262499999989,2.847582999999986,68.72841700000004,0.6500409999998737,15.885082999999895,391.396125,36.759250000000065,39.42683299999999,3.7725839999998243,734.0927080000001,8.727750000000015,29.212625000000116,38.92774999999983,0.42224999999962165,,0.6946250000000873,0.7294590000001335,0.685457999999926,0.5780409999997573,0.5609589999999116,0.5763750000000982,,,,0.5851669999997284,0.5653749999996762,0.6260000000002037,,,,374.48166600000013,7.176125000000184,2.2719159999999192,3.1537909999997282
retired-100,node26-compiled,100,299,100,99,199,complete-from-genesis,exact-raw-data-reopen,2426,2426,1716939,71259,1398727,19401,32302,92882,1611.9748750000003,54.71612499999992,50.43987499999997,4.072458999999981,376.97479099999964,35.246708000000126,0.8956250000001091,23.341625000000022,2.672749999999951,69.73237500000005,0.8117090000000644,16.41112499999997,356.17333400000007,38.30833299999995,43.02275000000009,3.1047080000000733,816.4475829999999,9.074791000000005,30.007166999999754,39.78150000000005,0.4609169999994265,,0.5407499999996617,0.6392080000000533,0.6487499999998363,0.4954170000000886,0.5755420000000413,0.5042920000000777,,,,0.538792000000285,0.51949999999988,0.6140839999998207,,,,369.77162499999986,9.738833999999997,2.683499999999867,2.987833000000137
retired-100,chromium,100,299,100,99,199,complete-from-genesis,exact-raw-data-reopen,2426,2426,1716939,71259,1398727,19401,32302,92882,1869.5099999904633,65.01999998092651,48.76500001549721,4.759999990463257,502.74000000953674,39.73499998450279,0.7149999737739563,20.12999999523163,2.7450000047683716,77.04000002145767,0.5300000011920929,14.275000005960464,427.0499999821186,37.90500000119209,40.849999994039536,3.699999988079071,238.1749999821186,0.014999985694885254,342.1099999845028,635.3100000023842,0.21000000834465027,,0.550000011920929,0.8700000047683716,0.6399999856948853,0.6800000071525574,0.9650000035762787,0.8849999904632568,,,,0.550000011920929,9.125,0.5300000011920929,,,,528.5450000166893,8.344999998807907,2.229999989271164,5.155000001192093
one-use-100,node22-source,100,299,100,99,199,complete-from-genesis,exact-raw-data-reopen,2426,2426,1716939,71259,1398727,19401,32302,92882,1987.0759590000002,77.2014999999999,46.76862500000004,2.8261249999995925,450.25670800000034,37.70454199999995,1.121042000000216,34.23124999999982,4.247749999999996,84.02154099999984,0.6321249999996326,23.65083400000003,427.69991600000003,46.87879099999964,42.7694590000001,3.6485419999999067,863.1289580000002,7.529333999999835,25.753999999999905,39.321500000000015,0.42354100000011385,,0.7121250000000146,0.7051660000001903,0.7263329999996131,0.6586669999996957,0.6965829999999187,0.6528330000001006,,,,0.6906669999998485,0.6722079999999551,0.6195419999999103,,,,412.82495800000015,9.548708000000033,3.51237500000002,2.9914580000004207
one-use-100,node22-compiled,100,299,100,99,199,complete-from-genesis,exact-raw-data-reopen,2426,2426,1716939,71259,1398727,19401,32302,92882,1893.1631670000002,67.29558399999996,52.703125,4.137292000000343,417.2761250000003,35.013374999999996,1.2286670000003141,32.614667000000054,4.029125000000022,75.79129099999977,0.654667000000245,23.146792000000005,391.32491600000003,44.519832999999835,47.30516699999998,4.394207999999935,827.4963749999997,3.574999999999818,31.29920899999979,36.670500000000175,0.4200829999999769,,0.5169999999998254,0.6425420000000486,0.6217920000003687,0.5345829999996567,0.6317089999997734,0.5301669999998921,,,,0.5091659999998228,0.5491250000000036,0.5488749999999527,,,,400.57945900000004,9.328625000000102,2.940791999999874,3.34020800000053
one-use-100,node24-source,100,299,100,99,199,complete-from-genesis,exact-raw-data-reopen,2426,2426,1716939,71259,1398727,19401,32302,92882,1858.4686660000002,55.0887909999999,50.88820799999996,3.0882080000001224,412.904458,32.36087499999985,1.061750000000302,26.992582999999968,3.08662500000014,74.19720899999993,0.6300839999998971,17.773374999999987,393.60179199999993,43.08208399999967,42.076792000000296,3.3359170000001086,773.344625,6.007792000000336,25.149999999999636,33.16416599999957,0.4645410000002812,,0.6907920000003287,0.7703329999999369,0.7969159999997828,0.5589169999998376,0.5607500000000982,0.5594999999998436,,,,0.5902500000001965,0.5733329999998205,0.6542920000001686,,,,392.281375,7.558415999999852,2.304874999999811,3.006666000000223
one-use-100,node24-compiled,100,299,100,99,199,complete-from-genesis,exact-raw-data-reopen,2426,2426,1716939,71259,1398727,19401,32302,92882,1762.3166249999995,53.83866699999999,52.03116700000004,2.8952079999999114,388.84737499999983,33.570582999999715,0.9952920000000631,26.27145799999994,3.1480410000001484,68.9938340000001,0.7003749999998945,16.780791000000022,369.35358300000007,39.28941699999996,38.31233299999985,3.4803750000000946,739.6489590000001,7.60216599999967,27.916207999999642,33.53383300000041,0.49712499999986903,,0.7330419999998412,0.6932499999998072,0.7796250000001237,0.530500000000302,0.527958000000126,0.5284579999997732,,,,0.5391250000002401,0.5263749999999163,0.5624579999998787,,,,365.3229160000001,8.696290999999974,2.380374999999958,3.2773329999999987
one-use-100,node26-source,100,299,100,99,199,complete-from-genesis,exact-raw-data-reopen,2426,2426,1716939,71259,1398727,19401,32302,92882,1675.6140420000006,52.04762500000015,51.313083000000006,2.7242919999998776,376.11683300000004,32.20329200000015,0.7432920000001104,27.15366700000004,2.9396670000000995,74.15212500000007,0.7155000000002474,16.64887500000009,395.18491600000016,36.65554199999997,39.365792000000056,4.142707999999857,748.3592090000002,3.2404169999999795,31.62170900000001,36.792875000000095,0.4557920000006561,,0.6590000000001055,0.8008330000002388,0.7849580000001879,0.6681250000001455,0.6437079999996058,0.5775829999997768,,,,0.5447920000001432,0.5265829999998459,0.5858750000002146,,,,368.1791250000001,8.084542000000056,2.8688750000001164,2.8668339999994714
one-use-100,node26-compiled,100,299,100,99,199,complete-from-genesis,exact-raw-data-reopen,2426,2426,1716939,71259,1398727,19401,32302,92882,1556.930375,46.47929199999999,49.80975000000001,2.6205840000002354,385.60020799999984,33.56945799999994,0.9162499999997635,20.79008399999998,2.4505420000000413,63.71112500000004,0.6484169999998812,15.871833000000038,332.56783400000006,37.25083300000006,39.482916999999816,2.8500830000000406,689.207917,7.240499999999884,27.362750000000233,39.35441600000013,0.5016660000001139,,0.6037499999997635,0.6493750000004184,0.6366250000000946,0.5315409999998337,0.5369160000000193,0.5199580000003152,,,,0.5336670000001504,0.5429170000002159,0.5209169999998267,,,,355.772833,7.24608400000011,2.2212079999999332,2.80145900000025
one-use-100,chromium,100,299,100,99,199,complete-from-genesis,exact-raw-data-reopen,2426,2426,1716939,71259,1398727,19401,32302,92882,1706.9799999892712,61.480000019073486,45.25499999523163,4.675000011920929,480.6899999976158,38.014999985694885,0.6649999916553497,21.360000014305115,2.9800000190734863,65.46500000357628,0.5600000023841858,14.060000002384186,427.09999999403954,38.1700000166893,44.92499998211861,3.830000013113022,227.97499999403954,0.015000015497207642,282.6050000190735,637.2000000178814,0.17500001192092896,,0.5349999964237213,0.7150000035762787,0.6449999809265137,0.6649999916553497,0.7400000095367432,8.430000007152557,,,,0.5349999964237213,0.5349999964237213,0.625,,,,483.38499999046326,8.370000004768372,2.2049999833106995,5.379999995231628
one-1000,node22-source,1000,1001,1,0,1,complete-from-genesis,exact-raw-data-reopen,6057,6057,3677752,1960,2745137,194001,328,311206,4435.248791,55.95254100000011,92.90562499999999,7.286834000000454,1342.2249579999998,38.50720900000033,1.4202919999997903,1.8696670000003905,0.4810410000000047,1.2822919999998703,1.4087079999999332,97.98820799999999,1743.439125,424.3346250000004,46.90679199999977,10.361832999999933,539.6486669999999,2.373082999998587,82.23716699999932,85.8707089999989,0.3993749999990541,,0.6341249999995853,0.6030420000006416,0.6674169999996593,,,,0.4979590000002645,0.6620410000004995,0.5084170000000086,,,,0.5030000000006112,0.5401659999997719,0.5313749999995707,1264.147916,9.941709000000174,2.8038339999998243,3.074624999999287
one-1000,node22-compiled,1000,1001,1,0,1,complete-from-genesis,exact-raw-data-reopen,6057,6057,3677752,1960,2745137,194001,328,311206,4157.54725,56.26408300000003,95.61924999999997,6.60412499999984,1262.4129590000002,40.81595799999968,1.318083999999999,1.4264169999996739,0.38454100000035396,1.516540999999961,1.2602920000003905,97.79962499999988,1652.8200409999997,399.3519580000002,48.607750000000124,9.685042000000067,536.281125,3.8003329999992275,86.74212499999885,87.24237499999981,0.43149999999877764,,0.5776249999998981,0.5674580000004426,0.6714580000007118,,,,0.48579199999949196,0.578125,0.5186250000006112,,,,0.5429590000003373,0.5375000000003638,0.5147090000000389,1259.3644999999997,9.51254199999994,2.8121249999999236,3.312832999999955
one-1000,node24-source,1000,1001,1,0,1,complete-from-genesis,exact-raw-data-reopen,6057,6057,3677752,1960,2745137,194001,328,311206,4223.159292000001,53.66708400000016,93.75995799999998,8.489666999999827,1285.7527920000002,36.84037500000022,1.080500000000029,1.4866659999997864,0.4642079999998714,1.0936249999999745,1.4957909999998265,90.29945799999996,1617.2097079999999,372.3641249999996,46.983375000000706,12.144000000000233,506.69500000000016,12.793375000001106,71.42587500000081,79.96137499999895,0.44325000000026193,,0.5489589999997406,1.0242920000000595,0.6662919999998849,,,,0.5687920000000304,0.5421249999999418,0.5715829999999187,,,,0.5990420000007362,0.5649999999995998,0.6922500000000582,1240.4588750000003,8.12966600000027,2.5441249999998945,2.8186249999998836
one-1000,node24-compiled,1000,1001,1,0,1,complete-from-genesis,exact-raw-data-reopen,6057,6057,3677752,1960,2745137,194001,328,311206,4008.394959,48.97883300000012,97.94704099999996,6.695708000001105,1266.2646660000005,35.993625000000065,1.1063340000000608,1.3144579999998314,0.37054200000011406,0.9985000000001492,1.324416999999812,88.24125000000004,1599.824542,364.72249999999985,46.096708000000035,9.564542000000074,481.16866600000003,4.6234170000007,72.75908299999901,73.23787500000071,0.44958299999962037,,0.5385420000002341,0.5354999999999563,0.674750000000131,,,,0.5445830000007845,0.6242080000001806,0.53387500000008,,,,0.5094159999998737,0.5258749999993597,0.4937499999996362,1179.6086669999995,7.788457999999991,2.2136669999999867,3.1594999999997526
one-1000,node26-source,1000,1001,1,0,1,complete-from-genesis,exact-raw-data-reopen,6057,6057,3677752,1960,2745137,194001,328,311206,3844.044333,38.123541999999816,90.95441700000003,10.234458000000814,1213.8163330000002,38.677708000000166,1.015041999999994,1.2023339999996097,0.3717920000003687,1.0251670000002377,1.6457499999996799,74.11729100000002,1546.053792,385.664209,44.9839579999998,8.953459000000294,600.081459,4.531708000000435,86.43399999999929,86.48187499999949,0.42629200000010314,,0.5047500000000582,0.5529999999998836,0.7094999999999345,,,,0.6737499999999272,0.5213329999996859,0.5281249999998181,,,,0.4877919999998994,0.4952920000005179,0.5276250000006257,1151.9937909999999,7.389749999999822,2.2889169999998558,3.367792000000918
one-1000,node26-compiled,1000,1001,1,0,1,complete-from-genesis,exact-raw-data-reopen,6057,6057,3677752,1960,2745137,194001,328,311206,4043.6362910000007,43.88133400000015,94.00995899999998,16.06158299999879,1111.608417,37.402250000000095,1.0091659999998228,1.3019170000002305,0.4090409999998883,1.1983329999998205,1.789166000000023,72.63212499999986,1473.323334,370.5255420000003,40.905541999999514,9.241708000000017,563.4584580000001,4.2260000000005675,106.48799999999937,97.4521249999998,0.4251249999997526,,0.5147080000006099,0.5334579999998823,0.6117089999997916,,,,0.4859169999999722,0.4854159999995318,0.46866700000009587,,,,0.45287499999994907,0.46362500000032014,0.4725829999997586,1044.058333,8.169207999999799,2.7977499999997235,3.764291999999841
one-1000,chromium,1000,1001,1,0,1,complete-from-genesis,exact-raw-data-reopen,6057,6057,3677752,1960,2745137,194001,328,311206,5202.25,21.520000010728836,83.44999998807907,13.825000017881393,1830.419999986887,45.375,1.280000001192093,1.5099999904632568,0.6100000143051147,1.4100000262260437,1.5099999904632568,54.00999999046326,2180.689999997616,472.64500001072884,68.38999998569489,32.59000000357628,8.814999997615814,0.019999980926513672,1233.8050000071526,2113.9600000083447,0.23500001430511475,,0.5999999940395355,9.754999995231628,0.7249999940395355,,,,0.7549999952316284,0.574999988079071,0.7999999821186066,,,,0.7600000202655792,0.75,0.6800000071525574,1840.6100000143051,8.299999982118607,2.3700000047683716,6.189999997615814
sixteen-1000,node22-source,1000,1016,16,0,16,complete-from-genesis,exact-raw-data-reopen,6192,6192,3792357,12475,2843047,194001,5201,315886,4588.478499999999,79.94200000000001,104.669084,7.165166999999201,1924.386958,44.858375000000706,1.7817500000001019,7.809500000000298,1.1136670000000777,9.641333000000031,1.6695840000002136,124.92345799999998,2121.8837919999996,509.80262500000026,75.22283400000015,11.435457999999926,662.9800840000003,3.9243749999986903,85.98612499999945,87.64350000000013,0.4054169999999431,,0.9994999999998981,0.9025829999991402,1.0343339999999444,,,,0.653374999999869,0.8937080000005153,0.8058329999994385,,,,0.7351669999998194,0.9860829999997804,0.7784999999994398,1503.3419170000006,9.983499999999822,3.452541999999994,2.653334000000541
sixteen-1000,node22-compiled,1000,1016,16,0,16,complete-from-genesis,exact-raw-data-reopen,6192,6192,3792357,12475,2843047,194001,5201,315886,5729.578499999999,66.78475000000026,95.65366699999998,12.05987499999901,1335.2347499999996,39.88795900000014,1.4978750000000218,6.270833000000039,0.9452080000000933,7.728458000000046,1.546875,98.21162500000014,1735.1902089999999,405.6415420000003,88.37816600000042,10.823624999999993,586.3390839999997,2.337459000000308,103.72108299999854,103.38925000000017,0.4476250000006985,,0.6476250000005166,0.6132500000003347,1.0575830000007045,,,,0.5457909999995536,0.6405830000003334,0.5264170000000377,,,,0.5118750000001455,0.5274170000002414,0.5267080000003261,1718.9857499999998,10.54883400000017,2.809958999999708,3.6060839999991003
sixteen-1000,node24-source,1000,1016,16,0,16,complete-from-genesis,exact-raw-data-reopen,6192,6192,3792357,12475,2843047,194001,5201,315886,5580.288708,70.02349999999979,114.49775,9.548041000000012,1672.5599160000002,45.97649999999976,2.0709579999993366,7.204874999999902,0.930417000000034,8.660542000000078,1.8033340000001772,107.57983400000012,2113.186625,469.6287909999992,78.96350000000166,13.211207999999715,627.6872499999995,18.86895800000093,93.53333399999974,104.95745800000077,0.4597090000006574,,0.7024579999997513,0.795999999999367,0.8973329999998896,,,,0.716750000000502,0.6889160000000629,0.7047499999998763,,,,0.8043330000000424,0.7555839999995442,0.8902090000001408,1686.1298749999996,9.452624999999898,3.0502919999998994,4.134833999998591
sixteen-1000,node24-compiled,1000,1016,16,0,16,complete-from-genesis,exact-raw-data-reopen,6192,6192,3792357,12475,2843047,194001,5201,315886,4982.1195,73.91008299999976,115.39708300000007,11.108958000000712,1528.8447079999996,43.86979100000008,2.844416999999339,6.8862920000001395,0.9399579999999332,7.593416000000161,1.849083999999948,105.2378749999998,2010.029208,457.79295800000045,70.54920799999945,11.233957999999802,617.0812080000001,13.747000000001208,85.17804200000137,88.15033299999959,0.4179999999996653,,0.6123330000000351,0.6914999999999054,0.7647090000000389,,,,0.5952919999999722,3.7821249999997235,0.6123330000000351,,,,0.6156660000006013,0.6088330000002316,0.6636660000003758,1434.9809999999998,9.612875000000258,3.129124999999931,3.141834000000017
sixteen-1000,node26-source,1000,1016,16,0,16,complete-from-genesis,exact-raw-data-reopen,6192,6192,3792357,12475,2843047,194001,5201,315886,4476.115125,55.57895800000006,104.34633399999996,8.145291999999245,1441.0448749999996,44.363292,0.9113749999996799,6.6169159999999465,0.9835000000002765,7.53808300000037,1.8978339999994205,86.7506249999999,1927.6641670000001,441.4451250000002,68.2244580000006,13.35183300000017,666.5039160000001,18.557457999999315,94.56566699999894,116.27375000000029,0.45900000000074215,,0.596042000000125,0.6135000000003856,0.7157919999999649,,,,0.5291660000002594,0.5325000000002547,0.542791999999281,,,,0.5346659999995609,0.5873329999994894,0.5643749999999272,1349.8287499999997,8.09524999999985,2.7959170000003724,3.84833400000025
sixteen-1000,node26-compiled,1000,1016,16,0,16,complete-from-genesis,exact-raw-data-reopen,6192,6192,3792357,12475,2843047,194001,5201,315886,4425.055,53.64345800000001,100.93537500000002,9.756916999998793,1293.6360830000003,50.9479580000002,1.6291670000000522,5.888707999999951,0.8050829999997404,7.411291999999776,2.0199589999997443,78.59108300000003,1650.3269160000002,398.04545899999994,70.11879200000021,10.746999999999844,639.9594579999998,9.650458000000071,101.20399999999972,95.49204099999952,0.4219999999986612,,0.5003750000005311,0.5643339999996897,0.6256250000005821,,,,0.500542000000678,0.4874579999996058,0.5008749999997235,,,,0.5123340000000098,0.5099579999996422,0.5912499999994907,1269.3220840000004,8.237916999999925,2.4373749999999745,2.881208000000697
sixteen-1000,chromium,1000,1016,16,0,16,complete-from-genesis,exact-raw-data-reopen,6192,6192,3792357,12475,2843047,194001,5201,315886,5126.379999995232,39.50499999523163,88.09000000357628,14.439999997615814,1894.4350000023842,46.9200000166893,0.7600000202655792,6.0799999833106995,0.75,7.064999997615814,1.425000011920929,56.03499999642372,2167.2950000166893,448.5,93.13499999046326,13.370000004768372,52.285000026226044,0.02000001072883606,992.5999999940395,1710.7100000083447,0.20499998331069946,,0.6100000143051147,0.7049999833106995,0.7699999809265137,,,,0.6099999845027924,0.5850000083446503,0.625,,,,0.625,0.6399999856948853,0.675000011920929,1887.074999988079,8.950000017881393,2.270000010728836,4.810000002384186
retired-1000,node22-source,1000,1199,100,99,199,complete-from-genesis,exact-raw-data-reopen,7845,7845,5011003,71260,3857564,194001,32402,372982,6949.955750000001,130.4430000000002,131.89412499999992,9.558708000000479,1672.0830830000004,75.87945899999977,0.9822919999996884,30.062207999999828,3.861667000000125,81.3142499999999,1.7449159999996482,189.6924590000001,2048.550334,425.80708400000003,83.96233300000131,12.287791000000198,794.25875,7.645750000001499,120.24537500000042,117.64933299999939,0.42833299999983865,,0.6147909999999683,0.611957999999504,0.7532499999997526,,,,0.9896250000001601,0.9312090000003082,0.6044169999995574,,,,0.6071670000001177,0.6403749999999491,0.7070000000003347,1617.5887090000006,10.087666000000354,3.309957999999824,2.86883300000045
retired-1000,node22-compiled,1000,1199,100,99,199,complete-from-genesis,exact-raw-data-reopen,7845,7845,5011003,71260,3857564,194001,32402,372982,6683.5324580000015,106.2325420000002,124.26099999999997,9.147041000000172,1779.9860410000001,71.48958299999958,0.9932920000001104,27.58120800000006,4.231374999999844,79.171292,1.754291000000194,113.82337499999994,1893.1975,410.5920420000002,85.65920800000094,12.125666000000365,773.808333,17.71024999999827,112.72674999999981,136.69225000000006,0.5537499999991269,,0.5535840000002281,0.5678749999997308,0.6904589999994641,,,,0.5407089999998789,0.721084000000701,0.5624580000003334,,,,0.5951670000004015,0.5612499999997453,0.5647090000002208,1873.5104170000004,10.607166000000234,2.8495419999999285,2.8253330000006827
retired-1000,node24-source,1000,1199,100,99,199,complete-from-genesis,exact-raw-data-reopen,7845,7845,5011003,71260,3857564,194001,32402,372982,6718.847540999999,105.02933299999995,135.102167,18.9113750000015,1652.1120419999997,68.98991699999988,1.0263749999994616,27.348167000000103,3.5660830000001624,81.82491700000037,1.7515419999999722,103.67237499999987,1962.3236659999998,421.11275000000023,83.53733400000056,11.591249999999945,748.4599170000001,19.126541999999972,103.25049999999828,106.3837910000002,0.5028340000008029,,0.6834170000001905,0.6645000000007713,0.8105830000004062,,,,0.5584590000007665,0.6233330000004571,0.5542089999999007,,,,0.5666250000003856,0.5537080000003698,0.6369169999998121,1654.7064169999994,11.862208999999893,2.59316600000011,4.05212500000016
retired-1000,node24-compiled,1000,1199,100,99,199,complete-from-genesis,exact-raw-data-reopen,7845,7845,5011003,71260,3857564,194001,32402,372982,6850.606125,103.54899999999998,144.62712499999998,22.801124999999956,1622.948625,68.2515000000003,1.04162499999984,28.63479200000029,3.2100000000000364,74.80904199999986,1.8914590000003955,108.5782079999999,1971.786084,394.0272500000001,84.00579199999993,11.520792000000256,836.9699999999998,20.385417000001326,100.37720900000022,123.39958399999887,0.512416999999914,,0.7069169999995211,0.6652919999996811,0.8650829999996859,,,,0.5873329999994894,0.578125,0.6040840000005119,,,,0.5942499999991924,0.5971669999998994,0.6103330000005371,1559.162042,8.533750000000055,2.391417000000274,3.543708000001061
retired-1000,node26-source,1000,1199,100,99,199,complete-from-genesis,exact-raw-data-reopen,7845,7845,5011003,71260,3857564,194001,32402,372982,5972.212750000001,88.66474999999991,133.842041,9.47204199999942,1629.1307500000003,81.9828749999997,0.9481670000004669,29.730290999999852,3.0112920000001395,77.92429200000015,2.244915999999648,86.16704100000015,1946.9133750000003,404.4066670000002,91.0980410000011,12.864750000000186,839.2346249999996,22.289749999999913,106.55962499999987,119.80937499999891,0.42941700000119454,,0.6209170000001905,0.6422910000001139,0.8147909999997864,,,,0.6707079999996495,0.5913749999999709,0.6705000000001746,,,,0.5734579999998459,0.5736669999996593,0.5806659999998374,1664.8820409999998,8.00458400000025,2.74337499999956,2.7521670000005543
retired-1000,node26-compiled,1000,1199,100,99,199,complete-from-genesis,exact-raw-data-reopen,7845,7845,5011003,71260,3857564,194001,32402,372982,5147.713833,79.22470800000019,124.352708,7.755707999998776,1392.0172499999994,65.80783299999985,0.8751670000001468,21.173166000000037,2.52475000000004,60.31095899999991,2.061916999999994,78.34720800000014,1597.885542,340.8215829999999,76.19433300000037,10.130541999999878,747.7125839999999,14.784458000000086,104.26537499999904,117.18325000000004,0.41374999999970896,,0.5062500000003638,0.5236669999994774,0.6543750000000728,,,,0.48324999999931606,0.4806669999998121,0.4839159999992262,,,,0.49037499999940337,0.4867500000000291,0.5018749999999272,1295.705,7.001208000000133,2.086749999999938,2.803874999999607
retired-1000,chromium,1000,1199,100,99,199,complete-from-genesis,exact-raw-data-reopen,7845,7845,5011003,71260,3857564,194001,32402,372982,6852.330000013113,91.5450000166893,112.29499998688698,16.75500002503395,2169.8650000095367,77.00999999046326,0.9350000023841858,24.765000015497208,3.3350000083446503,91.51499998569489,1.655000001192093,58.28000000119209,2430.685000002384,461.47499999403954,110.94499999284744,12.814999997615814,245.5150000154972,0.014999985694885254,1274.2150000035763,2046.3649999797344,0.23499998450279236,,0.7700000107288361,0.5949999988079071,0.9200000166893005,,,,0.7249999940395355,0.7450000047683716,0.5349999964237213,,,,0.5200000107288361,0.5200000107288361,0.7700000107288361,2153.5750000178814,8.645000010728836,2.6599999964237213,6.090000003576279
one-use-1000,node22-source,1000,2999,1000,999,1999,complete-from-genesis,exact-raw-data-reopen,24111,24111,17135466,701260,13973677,194001,323002,934582,29867.832667000002,552.5166250000002,460.0048750000001,29.426541000000725,4147.517208000001,378.6202920000014,1.2408329999998386,261.91008299999976,36.563499999999294,759.6490839999997,5.466582999999446,161.8234580000003,3780.6865,436.4630840000009,351.6329579999983,29.738083000000188,2764.7789169999996,4.061957999998413,443.5179579999967,336.41849999999977,0.5069999999977881,,0.5310420000005251,0.5611669999998412,0.9351669999996375,,,,0.49604200000067067,0.690667000000758,0.5169580000001588,,,,0.5190419999998994,0.506666999999652,0.5150420000009035,3938.9660000000003,9.79620900000009,2.928874999999607,2.8767080000034184
one-use-1000,node22-compiled,1000,2999,1000,999,1999,complete-from-genesis,exact-raw-data-reopen,24111,24111,17135466,701260,13973677,194001,323002,934582,28708.809916000002,475.5967499999997,452.014709,26.546249999999418,3822.8864159999994,351.26324999999997,0.9130420000001322,213.35233300000073,35.193083000000115,621.0330830000003,5.596790999999939,153.62745799999993,3427.762125,353.81725000000006,355.02762500000244,27.431249999999636,2261.1649580000003,8.58191600000282,336.40166599999793,333.8244580000028,0.4919579999987036,,0.5584579999995185,0.5509579999998095,0.7521660000002157,,,,0.5318749999987631,0.6151250000002619,0.5184590000008029,,,,0.4825830000008864,0.9961669999993319,0.5013749999998254,3653.5646670000006,8.806791999999405,2.923667000000023,2.419167000000016
one-use-1000,node24-source,1000,2999,1000,999,1999,complete-from-genesis,exact-raw-data-reopen,24111,24111,17135466,701260,13973677,194001,323002,934582,27493.348375,476.45216600000003,449.2327079999999,27.454791999996814,4151.053792000001,339.043040999999,1.9431670000012673,217.28362500000003,28.58141599999999,630.0595000000003,5.137333000000581,146.8482080000001,3289.8367080000003,360.65558299999975,435.7781250000007,28.89312500000051,2391.3841249999996,14.032457999994222,318.0074999999997,312.1089590000047,0.40483300000050804,,0.6222079999988637,0.6933750000007421,0.7977499999997235,,,,0.6137920000001031,0.7306669999998121,0.5640000000003056,,,,0.6101670000007289,0.6892079999997804,0.5716670000001614,4504.433458000001,7.27245799999946,2.186916000000565,2.866374999997788
one-use-1000,node24-compiled,1000,2999,1000,999,1999,complete-from-genesis,exact-raw-data-reopen,24111,24111,17135466,701260,13973677,194001,323002,934582,24090.068292000004,454.93212500000027,459.032334,29.109958000000915,3645.012958000001,327.5105000000003,0.9014169999991282,197.5870420000001,23.714500000000044,574.2532920000003,4.963666999999987,140.43974999999978,2916.5042089999997,329.96187499999905,381.55620799999997,27.93291599999975,2132.716542,16.340500000005704,318.28020899999683,319.3206659999996,0.3715830000001006,,0.5813340000004246,0.5539580000004207,0.8210829999989073,,,,0.4680000000007567,0.517334000000119,0.48866699999962293,,,,0.4827500000010332,0.48695800000132294,0.4884169999986625,3675.8239170000015,8.12329199999931,2.5097920000007434,3.0169999999998254
one-use-1000,node26-source,1000,2999,1000,999,1999,complete-from-genesis,exact-raw-data-reopen,24111,24111,17135466,701260,13973677,194001,323002,934582,28720.928375,437.6122920000007,434.61908400000004,31.453042000001005,3616.0070840000008,345.3040000000001,1.0897079999995185,198.22250000000076,23.119249999999738,598.4520829999992,6.321125000000393,117.28191700000002,3210.016584,350.6498329999995,378.6049579999999,28.043417000000773,2146.7659169999997,26.085041999998793,440.88095800000156,444.18745800000033,0.44637499999953434,,0.5857079999987036,0.5557499999995343,0.8354169999984151,,,,0.48074999999880674,0.4812499999989086,0.5036660000005213,,,,0.513042000000496,0.5192499999993743,0.4920000000001892,3772.898833000001,7.25,2.2390000000004875,3.2614580000008573
one-use-1000,node26-compiled,1000,2999,1000,999,1999,complete-from-genesis,exact-raw-data-reopen,24111,24111,17135466,701260,13973677,194001,323002,934582,27587.932999999997,471.1075409999994,512.9649999999999,35.89983399999619,3790.332375,353.2297500000004,1.0830839999998716,208.25620900000013,24.43933399999969,619.9328750000004,6.86504099999911,135.6412499999999,3369.6132089999996,327.1887910000005,452.0876250000001,34.52233400000023,2128.143833,26.127000000000407,416.04324999999517,420.2611659999966,0.44295899999997346,,0.5008749999997235,0.5426669999997102,0.6856669999997393,,,,0.459499999999025,0.4784589999999298,0.4635419999995065,,,,0.47837500000059663,0.4766669999989972,0.508417000000918,4368.349124999999,9.339791999999761,2.5898329999999987,3.349541000003228
one-use-1000,chromium,1000,2999,1000,999,1999,complete-from-genesis,exact-raw-data-reopen,24111,24111,17135466,701260,13973677,194001,323002,934582,28032.00499999523,620.5349999964237,437.10000002384186,57.474999994039536,5958.754999995232,449.47999998927116,1.175000011920929,299.33500000834465,34.97500002384186,800.375,17.825000017881393,119.98499998450279,4591.19500002265,491.6299999952316,423.69000002741814,37.34000000357628,2385.5049999952316,0.025000005960464478,4446.094999998808,7294.255000025034,0.22999998927116394,,0.6349999904632568,0.6749999821186066,0.7800000011920929,,,,0.570000022649765,0.6350000202655792,0.5750000178813934,,,,0.6200000047683716,0.5649999976158142,0.6200000047683716,6263.634999990463,8.879999995231628,2.4099999964237213,5.609999984502792
one-10000,node22-source,10000,10001,1,0,1,unavailable,exact-raw-data-reopen,60252,60252,36643365,1961,27344119,1940001,329,3119208,,544.0140419999989,923.1451250000002,73.97075000000041,12.666708000000654,431.77808300000106,1.2599999999983993,2.001416999999492,0.5856670000030135,1.7900829999998678,15.515625,1067.265958,19603.887917,4205.963208000001,,106.23070799999914,1638.7302909999999,12.328583000002254,820.6969160000044,836.7891249999957,0.4389999999984866,,,,,,,,,,,,,,,,,,10.82104099999924,4.295582999999169,3.331124999996973
one-10000,node22-compiled,10000,10001,1,0,1,unavailable,exact-raw-data-reopen,60252,60252,36643365,1961,27344119,1940001,329,3119208,,573.0342920000003,884.8982080000001,71.18029200000092,12.96295900000041,419.34266600000046,1.9770420000022568,2.037625000000844,0.6151669999999285,1.1518749999995634,16.056625000001077,844.9802499999998,16349.413915999998,3803.511208,,104.53629100000035,574.598958999999,11.616708999998082,825.0299580000028,809.48675,0.6740840000020398,,,,,,,,,,,,,,,,,,8.99804099999892,2.900415999996767,2.836749999998574
one-10000,node24-source,10000,10001,1,0,1,unavailable,exact-raw-data-reopen,60252,60252,36643365,1961,27344119,1940001,329,3119208,,470.80366700000013,920.900333,81.86229200000162,9.875332999999955,431.5846249999995,3.1383329999989655,1.4785420000007434,0.5337079999990237,1.3679590000028838,14.431125000002794,774.5008750000002,16967.885125,4226.370707999999,,99.24137500000143,503.81216700000004,48.73883299999943,915.3392920000006,952.1429160000007,0.48999999999796273,,,,,,,,,,,,,,,,,,7.746000000002823,2.8081249999995634,3.6177910000005795
one-10000,node24-compiled,10000,10001,1,0,1,unavailable,exact-raw-data-reopen,60252,60252,36643365,1961,27344119,1940001,329,3119208,,782.7650419999991,1017.3192499999999,75.93033300000025,9.481208000001061,421.15520899999683,1.5039170000018203,2.056791000002704,0.7607920000009472,1.800374999998894,14.941250000003492,896.5029999999997,19324.648958,4248.03125,,123.53670799999963,880.0253329999978,43.44245800000135,816.3074159999996,881.1682079999991,0.45054199999867706,,,,,,,,,,,,,,,,,,13.28979099999924,4.357458000002225,3.769583999997849
one-10000,node26-source,10000,10001,1,0,1,unavailable,exact-raw-data-reopen,60252,60252,36643365,1961,27344119,1940001,329,3119208,,465.06037500000093,932.3810829999999,87.38224999999511,9.77758299999914,512.095959000002,2.6276250000009895,1.8135000000002037,0.6338340000002063,1.7023750000007567,20.50154200000179,763.9330839999998,20553.571,4902.120833000001,,119.39408299999923,795.6462910000009,19.09324999999808,1147.3394159999953,1083.940999999999,0.5094580000004498,,,,,,,,,,,,,,,,,,10.091749999999593,3.84808300000077,3.9069170000002487
one-10000,node26-compiled,10000,10001,1,0,1,unavailable,exact-raw-data-reopen,60252,60252,36643365,1961,27344119,1940001,329,3119208,,414.3628749999989,1070.655958,89.57629200000156,8.960084000002098,446.6501250000001,1.632792000000336,1.4594169999982114,0.6515840000029129,1.2941250000003492,17.835542000000714,764.636125,19176.472250000003,3781.852625000003,,92.47991700000057,604.5936660000007,31.444040999998833,1008.4697080000005,974.3601250000029,0.49608299999817973,,,,,,,,,,,,,,,,,,8.776917000002868,2.7102080000004207,3.37720900000204
one-10000,chromium,10000,10001,1,0,1,unavailable,exact-raw-data-reopen,60252,60252,36643365,1961,27344119,1940001,329,3119208,,241.3149999976158,897.5699999928474,171.20500001311302,11.729999989271164,462.46000000834465,1.0150000154972076,1.4449999928474426,0.5249999761581421,1.975000023841858,14.129999995231628,539.6150000095367,23089.585000008345,4589.1500000059605,,132.97999998927116,14.990000009536743,0.025000005960464478,12481.909999996424,19622.055000007153,0.24000000953674316,,,,,,,,,,,,,,,,,,12.180000007152557,2.915000021457672,6.385000020265579
sixteen-10000,node22-source,10000,10016,16,0,16,unavailable,exact-raw-data-reopen,60387,60387,36758030,12476,27442059,1940001,5217,3123903,,607.2279170000002,943.671542,80.40091699999903,8.942000000002736,428.2892920000013,2.623041999999259,7.543249999998807,1.1063750000030268,9.778834000000643,17.772625000001426,933.129625,19551.650916,4438.0995,,100.64541699999972,2020.125583000001,8.688290999998571,896.6493749999972,856.3002500000002,0.4874999999956344,,,,,,,,,,,,,,,,,,9.766124999998283,3.084792000001471,3.7135830000042915
sixteen-10000,node22-compiled,10000,10016,16,0,16,unavailable,exact-raw-data-reopen,60387,60387,36758030,12476,27442059,1940001,5217,3123903,,610.9190000000017,925.2389999999999,74.95562499999869,8.874250000000757,430.5345410000009,2.351958999999624,7.4644160000025295,1.1544169999979204,8.543082999996841,16.96087500000067,959.837125,18389.740959000002,4031.642333,,95.23654199999874,634.4364580000001,10.925875000000815,971.1121669999993,855.2655830000003,0.5307080000020505,,,,,,,,,,,,,,,,,,8.932208999998693,3.4683340000010503,4.089625000000524
sixteen-10000,node24-source,10000,10016,16,0,16,unavailable,exact-raw-data-reopen,60387,60387,36758030,12476,27442059,1940001,5217,3123903,,539.2634579999976,1129.3986670000002,74.44158300000345,8.515208000000712,393.5997499999976,2.2023750000007567,5.9146249999976135,0.9963329999991402,8.98124999999709,15.381083000000217,822.7789579999999,17684.359834000003,4074.767832999998,,99.36641700000109,630.2052089999997,5.331291000002238,883.8970840000002,842.9624169999988,0.4525419999990845,,,,,,,,,,,,,,,,,,10.127167000002373,3.0171249999984866,3.480042000002868
sixteen-10000,node24-compiled,10000,10016,16,0,16,unavailable,exact-raw-data-reopen,60387,60387,36758030,12476,27442059,1940001,5217,3123903,,566.929959000001,928.156083,86.83750000000146,10.599000000001979,415.8241249999992,15.251166999998532,6.495333999999275,1.083666999998968,10.84979100000055,16.400000000001455,806.0831660000003,17776.63075,3954.363083,,104.17725000000064,726.29925,4.932082999999693,846.9942919999994,835.935333999998,0.4395829999994021,,,,,,,,,,,,,,,,,,9.981082999998762,2.363874999999098,3.299458000001323
sixteen-10000,node26-source,10000,10016,16,0,16,unavailable,exact-raw-data-reopen,60387,60387,36758030,12476,27442059,1940001,5217,3123903,,407.570499999998,938.9653749999999,86.13070799999696,11.338541999997688,464.11429099999805,1.361958000001323,6.348999999998341,0.9731250000004366,7.986915999998018,18.433208999998897,658.1449159999997,16939.434459,4480.374333,,109.50424999999814,611.8687919999975,11.601040999998077,1134.8452909999978,1062.8891249999979,0.513915999999881,,,,,,,,,,,,,,,,,,7.666666000000987,2.408332999999402,3.504625000001397
sixteen-10000,node26-compiled,10000,10016,16,0,16,unavailable,exact-raw-data-reopen,60387,60387,36758030,12476,27442059,1940001,5217,3123903,,400.2003330000007,999.7147500000001,92.31979199999842,7.980833000001439,484.69504099999904,1.130250000001979,5.831791000000521,1.0123330000023998,7.876958000000741,18.26075000000128,740.0907910000001,19704.248125000002,3945.543375000001,,92.98379199999908,602.8069169999981,9.86304200000086,1075.427125000002,1040.1812909999971,0.43383299999914016,,,,,,,,,,,,,,,,,,8.205165999999736,2.442458000001352,4.203290999997989
sixteen-10000,chromium,10000,10016,16,0,16,unavailable,exact-raw-data-reopen,60387,60387,36758030,12476,27442059,1940001,5217,3123903,,341.52000001072884,1194.5250000059605,179.99499997496605,11.894999980926514,533.505000025034,1.4150000214576721,7.550000011920929,1.0999999940395355,9.354999989271164,17.740000009536743,695.1649999916553,29874.969999998808,5667.580000013113,,148.7049999833107,45.96999999880791,0.014999985694885254,14612.729999989271,19529.25499999523,0.24000000953674316,,,,,,,,,,,,,,,,,,11.4549999833107,3.2300000190734863,5.810000002384186
retired-10000,node22-source,10000,10199,100,99,199,unavailable,exact-raw-data-reopen,62041,62041,37977758,71261,28457217,1940001,32502,3181182,,640.3187089999992,965.140083,85.07779200000004,15.958999999998923,466.7549169999984,1.7994160000016564,31.109333000000333,4.147333000000799,88.00837499999761,15.69616699999824,930.6776250000003,18286.756583,4411.096165999999,,100.87995900000169,896.7493340000001,6.120083000001614,1336.0601659999993,910.8820000000014,0.6330419999976584,,,,,,,,,,,,,,,,,,9.155291999999463,2.689125000000786,3.9640829999989364
retired-10000,node22-compiled,10000,10199,100,99,199,unavailable,exact-raw-data-reopen,62041,62041,37977758,71261,28457217,1940001,32502,3181182,,680.9312500000015,971.7388749999999,90.53808299999946,13.46875,491.2753750000011,1.576375000000553,30.220041000000492,4.143708000003244,77.22370900000169,17.35212500000125,987.4464579999999,17757.258792,5502.792332999998,,96.09745799999655,868.5357499999991,10.245333999999275,1162.1385840000003,1024.4250409999986,0.750292000000627,,,,,,,,,,,,,,,,,,10.51866599999994,2.718958000001294,4.224375000001601
retired-10000,node24-source,10000,10199,100,99,199,unavailable,exact-raw-data-reopen,62041,62041,37977758,71261,28457217,1940001,32502,3181182,,591.2784170000014,1011.3832920000002,76.13729199999943,11.729542000000947,434.44720900000175,1.1535829999993439,30.002791000002617,4.098374999997759,84.66520800000217,13.715625000000728,852.7620829999996,18699.152041999998,4086.564666000002,,99.0247500000005,803.7064590000009,17.45445800000016,940.1504999999997,894.0950830000002,0.5369170000012673,,,,,,,,,,,,,,,,,,9.15820800000074,2.6824999999989814,4.127916999997979
retired-10000,node24-compiled,10000,10199,100,99,199,unavailable,exact-raw-data-reopen,62041,62041,37977758,71261,28457217,1940001,32502,3181182,,569.4840000000004,965.6752920000001,88.25704100000075,8.191125000001193,441.21795900000143,1.1062919999967562,25.783500000001368,3.484291000000667,70.88058399999863,13.557583999998315,823.164667,17011.668708,3689.735375,,99.25599999999758,781.1216670000031,8.445208000001003,902.1149580000019,878.4436249999999,0.4245420000006561,,,,,,,,,,,,,,,,,,8.241791000000376,2.3870830000014394,3.6228749999972933
retired-10000,node26-source,10000,10199,100,99,199,unavailable,exact-raw-data-reopen,62041,62041,37977758,71261,28457217,1940001,32502,3181182,,432.6160839999975,947.3739159999999,79.17591699999684,9.295208999999886,469.0803330000017,1.6610000000000582,26.266749999998865,3.4723749999975553,74.9294579999987,17.440875000000233,663.424,17302.796666000002,3956.9656670000004,,103.02483299999949,849.5872920000002,9.199500000002445,1092.4939999999988,971.658707999999,0.6287909999991825,,,,,,,,,,,,,,,,,,7.828291999998328,2.4390000000021246,3.4273749999993015
retired-10000,node26-compiled,10000,10199,100,99,199,unavailable,exact-raw-data-reopen,62041,62041,37977758,71261,28457217,1940001,32502,3181182,,645.1037090000027,942.8067919999999,121.33658300000388,11.354749999998603,565.1033339999994,1.4346670000013546,41.55195800000001,4.483874999998079,95.32104200000322,22.39708299999984,743.2797920000003,22445.969707999997,5208.604874999997,,146.54954200000066,1222.479292,7.757792000003974,1407.0410830000037,1307.140707999999,0.6620830000028946,,,,,,,,,,,,,,,,,,11.900875000002998,4.16083300000173,5.192499999997381
retired-10000,chromium,10000,10199,100,99,199,unavailable,exact-raw-data-reopen,62041,62041,37977758,71261,28457217,1940001,32502,3181182,,323.0150000154972,1171.4749999940395,193.97500002384186,12.765000015497208,530.6899999976158,0.8849999904632568,47.08499997854233,3.2750000059604645,85.9200000166893,23.719999998807907,701.869999974966,24831.52500000596,4957.354999989271,,148.16500002145767,255.53499999642372,0.019999980926513672,14275.110000014305,22237.57000002265,0.25999999046325684,,,,,,,,,,,,,,,,,,9.830000013113022,2.4300000071525574,6.810000002384186
one-use-10000,node22-source,10000,29999,10000,9999,19999,unavailable,unavailable,64000,240957,49629164,7001261,139780308,1940001,3230002,9378582,,6598.353167000001,5124.102709,330.8212499999936,,3685.496041000006,1.1392919999925653,2616.258625000002,373.64391700000124,7926.251250000001,79.07037499999569,1636.8921250000003,39617.514792,4732.043250000002,,307.9312499999942,23345.116958,,982.7249580000062,,,0.7385840000060853,,,,,,,,,,,,,,,,,12.701500000002852,2.971041000004334,3.4315829999977723
one-use-10000,node22-compiled,10000,29999,10000,9999,19999,unavailable,unavailable,64000,240957,49629164,7001261,139780308,1940001,3230002,9378582,,5712.501917000001,4873.728709,362.31375000000116,,3971.4069579999923,1.2229579999984708,2459.4744999999966,390.9000420000011,7241.678166999998,87.0232079999987,1535.5299169999998,38084.590417,5434.702417000008,,308.0908339999951,28509.711459000006,,1114.6034580000123,,,0.5128750000003492,,,,,,,,,,,,,,,,,10.92316700000083,2.669624999994994,3.737959000005503
one-use-10000,node24-source,10000,29999,10000,9999,19999,unavailable,unavailable,64000,240957,49629164,7001261,139780308,1940001,3230002,9378582,,5704.789792000003,4759.409916999999,300.8135420000035,,3506.5155000000086,1.2655419999937294,2656.526874999996,324.5841670000009,7654.140208999997,63.80275000000256,1379.4826250000006,42397.836959,4221.786833000006,,333.8241249999992,20643.130458,,929.9205829999992,,,0.5007080000068527,,,,,,,,,,,,,,,,,9.684792000000016,2.8652080000028946,3.9806249999965075
one-use-10000,node24-compiled,10000,29999,10000,9999,19999,unavailable,unavailable,64000,240957,49629164,7001261,139780308,1940001,3230002,9378582,,5136.183165999995,4641.224792,295.36316700000316,,3411.896332999997,1.2557079999969574,2216.8219580000004,272.690125000001,6425.501167000002,62.845625000001746,1368.286,33577.670917,3800.3384579999984,,276.89408399999957,19816.772125000003,,916.6151249999966,,,0.7477500000095461,,,,,,,,,,,,,,,,,9.258834000000206,2.6209170000001905,3.398790999999619
one-use-10000,node26-source,10000,29999,10000,9999,19999,unavailable,unavailable,64000,240957,49629164,7001261,139780308,1940001,3230002,9378582,,5384.752249999998,4678.803542,307.3031659999979,,3680.3702090000006,1.9535409999953117,3033.501083000003,316.63824999999633,7291.087124999998,88.49587499999325,1157.3007500000003,35405.903458,5276.075165999995,,368.0724579999951,19976.549874999997,,1115.6698329999927,,,0.4489999999932479,,,,,,,,,,,,,,,,,8.333207999996375,2.4914999999964493,3.568790999997873
one-use-10000,node26-compiled,10000,29999,10000,9999,19999,unavailable,unavailable,64000,240957,49629164,7001261,139780308,1940001,3230002,9378582,,4619.277915999999,4672.394834,325.2271250000049,,4141.17029200001,1.1355000000039581,2076.791624999998,253.85083300000406,6276.391292,89.82025000000431,1178.2741659999992,34630.869290999995,4548.777541999996,,269.49891700000444,22916.516375,,1235.6867919999931,,,0.4358749999955762,,,,,,,,,,,,,,,,,8.36583399999654,2.370249999999942,3.314166000011028
one-use-10000,chromium,10000,29999,10000,9999,19999,unavailable,unavailable,64000,240957,49629164,7001261,139780308,1940001,3230002,9378582,,6595.4749999940395,4412.780000001192,705.330000013113,,3646.7049999833107,0.8649999797344208,3391.824999988079,315.8550000190735,9609.435000002384,87.21500000357628,1243.4399999976158,56130.77000001073,5248.674999982119,,420.24000000953674,26860.390000015497,,13859.15000000596,,,0.4099999964237213,,,,,,,,,,,,,,,,,14.700000017881393,2.875,6.159999996423721
